{
    "list": [
        {
            "prefab": {
                "instanceID": 37302
            },
            "position": {
                "x": 6.965023040771484,
                "y": 3.5,
                "z": -4.811999797821045
            },
            "rotation": {
                "x": 0.0,
                "y": 0.0,
                "z": 0.01420653983950615,
                "w": 0.99989914894104
            }
        },
        {
            "prefab": {
                "instanceID": 37306
            },
            "position": {
                "x": 13.651000022888184,
                "y": 2.2269999980926515,
                "z": -7.01200008392334
            },
            "rotation": {
                "x": 0.0,
                "y": 0.0,
                "z": 0.0,
                "w": 1.0
            }
        },
        {
            "prefab": {
                "instanceID": 37306
            },
            "position": {
                "x": 7.070000171661377,
                "y": 2.2269999980926515,
                "z": -12.600000381469727
            },
            "rotation": {
                "x": 0.0,
                "y": 0.7071068286895752,
                "z": 0.0,
                "w": 0.7071068286895752
            }
        },
        {
            "prefab": {
                "instanceID": 37296
            },
            "position": {
                "x": 4.560999870300293,
                "y": 1.4550000429153443,
                "z": -12.638999938964844
            },
            "rotation": {
                "x": 0.0,
                "y": -0.7071068286895752,
                "z": 0.0,
                "w": 0.7071068286895752
            }
        }
    ]
}