{
    "list": [
        {
            "prefab": {
                "instanceID": 38160
            },
            "position": {
                "x": 3.5999999046325685,
                "y": 2.5,
                "z": 22.413999557495118
            },
            "rotation": {
                "x": 0.0,
                "y": 0.0,
                "z": 0.0,
                "w": 1.0
            },
            "scale": {
                "x": 2.5,
                "y": 3.0,
                "z": 0.800000011920929
            }
        },
        {
            "prefab": {
                "instanceID": 38702
            },
            "position": {
                "x": 1.600000023841858,
                "y": 2.5,
                "z": 14.600000381469727
            },
            "rotation": {
                "x": 0.0,
                "y": 1.0,
                "z": 0.0,
                "w": 0.0
            },
            "scale": {
                "x": 2.0,
                "y": 3.0,
                "z": 0.10000000149011612
            }
        },
        {
            "prefab": {
                "instanceID": 38260
            },
            "position": {
                "x": 4.800000190734863,
                "y": 3.5,
                "z": 12.0
            },
            "rotation": {
                "x": 0.0,
                "y": -0.7071068286895752,
                "z": 0.0,
                "w": 0.7071068286895752
            },
            "scale": {
                "x": 1.0,
                "y": 1.0,
                "z": 1.0
            }
        },
        {
            "prefab": {
                "instanceID": 38702
            },
            "position": {
                "x": 7.5,
                "y": 2.5,
                "z": 5.599999904632568
            },
            "rotation": {
                "x": 0.0,
                "y": 0.7071068286895752,
                "z": 0.0,
                "w": 0.7071068286895752
            },
            "scale": {
                "x": 2.0,
                "y": 3.0,
                "z": 0.10000000149011612
            }
        }
    ]
}