{
    "list": [
        {
            "prefab": {
                "instanceID": 22330
            },
            "position": {
                "x": 538.4843139648438,
                "y": 1311.18017578125,
                "z": 16.5
            }
        },
        {
            "prefab": {
                "instanceID": 22282
            },
            "position": {
                "x": 828.2099609375,
                "y": 1215.846923828125,
                "z": 17.773000717163087
            }
        },
        {
            "prefab": {
                "instanceID": 22282
            },
            "position": {
                "x": 543.0333862304688,
                "y": 973.7001342773438,
                "z": 17.773000717163087
            }
        },
        {
            "prefab": {
                "instanceID": 22340
            },
            "position": {
                "x": 434.30999755859377,
                "y": 972.0101928710938,
                "z": 18.545000076293947
            }
        }
    ]
}