{
    "list": [
        {
            "prefab": {
                "instanceID": 24390
            },
            "position": {
                "x": 4.900000095367432,
                "y": 1.5,
                "z": 11.550000190734864
            },
            "rotation": {
                "x": 0.0,
                "y": 0.0,
                "z": 0.0,
                "w": 1.0
            },
            "scale": {
                "x": 0.6000000238418579,
                "y": 3.0,
                "z": 2.299999952316284
            }
        },
        {
            "prefab": {
                "instanceID": 24258
            },
            "position": {
                "x": 2.799999952316284,
                "y": 2.5,
                "z": 5.0
            },
            "rotation": {
                "x": 0.0,
                "y": 0.7071068286895752,
                "z": 0.0,
                "w": -0.7071068286895752
            },
            "scale": {
                "x": 1.0,
                "y": 1.0,
                "z": 1.0
            }
        },
        {
            "prefab": {
                "instanceID": 24402
            },
            "position": {
                "x": 10.600000381469727,
                "y": 1.5,
                "z": 1.5
            },
            "rotation": {
                "x": 0.0,
                "y": 1.0,
                "z": 0.0,
                "w": 0.0
            },
            "scale": {
                "x": 2.0,
                "y": 3.0,
                "z": 0.10000000149011612
            }
        },
        {
            "prefab": {
                "instanceID": 24390
            },
            "position": {
                "x": 10.649999618530274,
                "y": 1.5,
                "z": 5.0
            },
            "rotation": {
                "x": 0.0,
                "y": 0.0,
                "z": 0.0,
                "w": 1.0
            },
            "scale": {
                "x": 2.700000047683716,
                "y": 3.0,
                "z": 0.6000000238418579
            }
        }
    ]
}