{
    "list": [
        {
            "prefab": {
                "instanceID": 25542
            },
            "position": {
                "x": 9.5,
                "y": 2.5,
                "z": 7.599999904632568
            },
            "rotation": {
                "x": 0.0,
                "y": 1.0,
                "z": 0.0,
                "w": 0.0
            },
            "scale": {
                "x": 1.0,
                "y": 1.0,
                "z": 1.0
            }
        },
        {
            "prefab": {
                "instanceID": 25670
            },
            "position": {
                "x": 6.0,
                "y": 1.5,
                "z": 2.5
            },
            "rotation": {
                "x": 0.0,
                "y": 0.0,
                "z": 0.0,
                "w": 1.0
            },
            "scale": {
                "x": 0.6000000238418579,
                "y": 3.0,
                "z": 2.4000000953674318
            }
        },
        {
            "prefab": {
                "instanceID": 24740
            },
            "position": {
                "x": 16.5,
                "y": 1.5,
                "z": 2.6000001430511476
            },
            "rotation": {
                "x": 0.0,
                "y": 0.7071068286895752,
                "z": 0.0,
                "w": 0.7071068286895752
            },
            "scale": {
                "x": 2.0,
                "y": 3.0,
                "z": 0.10000000149011612
            }
        },
        {
            "prefab": {
                "instanceID": 25670
            },
            "position": {
                "x": 12.699999809265137,
                "y": 1.5,
                "z": 3.799999952316284
            },
            "rotation": {
                "x": 0.0,
                "y": 0.0,
                "z": 0.0,
                "w": 1.0
            },
            "scale": {
                "x": 0.6000000238418579,
                "y": 3.0,
                "z": 2.799999952316284
            }
        }
    ]
}