{
    "list": [
        {
            "prefab": {
                "instanceID": 20014
            },
            "position": {
                "x": 829.0983276367188,
                "y": 227.4591064453125,
                "z": 17.05999755859375
            }
        },
        {
            "prefab": {
                "instanceID": 26920
            },
            "position": {
                "x": 189.75401306152345,
                "y": 227.4591064453125,
                "z": 17.05999755859375
            }
        },
        {
            "prefab": {
                "instanceID": 20014
            },
            "position": {
                "x": 189.75401306152345,
                "y": 817.6231079101563,
                "z": 17.059995651245118
            }
        },
        {
            "prefab": {
                "instanceID": 20014
            },
            "position": {
                "x": 1173.360595703125,
                "y": 661.8853759765625,
                "z": 17.05999755859375
            }
        }
    ]
}