{
    "list": [
        {
            "prefab": {
                "instanceID": 22948
            },
            "position": {
                "x": 598.2467651367188,
                "y": 925.3636474609375,
                "z": 18.0
            }
        },
        {
            "prefab": {
                "instanceID": 22948
            },
            "position": {
                "x": 833.259765625,
                "y": 1187.2208251953125,
                "z": 18.0
            }
        },
        {
            "prefab": {
                "instanceID": 26640
            },
            "position": {
                "x": 644.2363891601563,
                "y": 1331.318115234375,
                "z": 19.56999969482422
            }
        },
        {
            "prefab": {
                "instanceID": 26640
            },
            "position": {
                "x": 398.6883239746094,
                "y": 1471.768798828125,
                "z": 19.56999969482422
            }
        }
    ]
}