{
    "list": [
        {
            "prefab": {
                "instanceID": 28358
            },
            "position": {
                "x": -0.18700000643730164,
                "y": 3.500999927520752,
                "z": 4.078000068664551
            },
            "rotation": {
                "x": -0.00030857743695378304,
                "y": -0.7071059942245483,
                "z": -0.001098392065614462,
                "w": 0.7071066498756409
            },
            "scale": {
                "x": 1.0,
                "y": 1.0,
                "z": 1.0
            }
        },
        {
            "prefab": {
                "instanceID": 28352
            },
            "position": {
                "x": -9.45300006866455,
                "y": 1.4529999494552613,
                "z": 4.4670000076293949
            },
            "rotation": {
                "x": 0.0,
                "y": 0.7071068286895752,
                "z": 0.0,
                "w": -0.7071068286895752
            },
            "scale": {
                "x": 2.7899999618530275,
                "y": 5.090000152587891,
                "z": 0.10000000149011612
            }
        }
    ]
}