{
    "list": [
        {
            "prefab": {
                "instanceID": 23952
            },
            "position": {
                "x": 452.1496887207031,
                "y": 1224.154296875,
                "z": 18.999998092651368
            }
        },
        {
            "prefab": {
                "instanceID": 23948
            },
            "position": {
                "x": 465.8582458496094,
                "y": 1082.1561279296875,
                "z": 16.499998092651368
            }
        },
        {
            "prefab": {
                "instanceID": 23952
            },
            "position": {
                "x": 486.17999267578127,
                "y": 902.9390869140625,
                "z": 18.999998092651368
            }
        },
        {
            "prefab": {
                "instanceID": 23932
            },
            "position": {
                "x": 685.44775390625,
                "y": 764.5114135742188,
                "z": 18.545000076293947
            }
        }
    ]
}