{
    "list": [
        {
            "prefab": {
                "instanceID": 22330
            },
            "position": {
                "x": 487.1727294921875,
                "y": 1034.95361328125,
                "z": 16.499998092651368
            }
        },
        {
            "prefab": {
                "instanceID": 22282
            },
            "position": {
                "x": 464.4818115234375,
                "y": 1083.490966796875,
                "z": 18.999998092651368
            }
        },
        {
            "prefab": {
                "instanceID": 22340
            },
            "position": {
                "x": 997.2927856445313,
                "y": 1540.9256591796875,
                "z": 18.556995391845704
            }
        },
        {
            "prefab": {
                "instanceID": 22330
            },
            "position": {
                "x": 596.2664184570313,
                "y": 1305.471923828125,
                "z": 16.499998092651368
            }
        }
    ]
}