{
    "list": [
        {
            "prefab": {
                "instanceID": 22312
            },
            "position": {
                "x": 653.489990234375,
                "y": 1455.560791015625,
                "z": 16.499000549316408
            }
        },
        {
            "prefab": {
                "instanceID": 22376
            },
            "position": {
                "x": 279.65484619140627,
                "y": 1471.2550048828125,
                "z": 18.547000885009767
            }
        }
    ]
}