{
    "list": [
        {
            "prefab": {
                "instanceID": 22948
            },
            "position": {
                "x": 863.5135498046875,
                "y": 467.02716064453127,
                "z": 17.999998092651368
            }
        },
        {
            "prefab": {
                "instanceID": 22948
            },
            "position": {
                "x": 1191.57470703125,
                "y": 172.59706115722657,
                "z": 17.999998092651368
            }
        },
        {
            "prefab": {
                "instanceID": 26640
            },
            "position": {
                "x": 1372.1033935546875,
                "y": 409.4102478027344,
                "z": 19.569997787475587
            }
        },
        {
            "prefab": {
                "instanceID": 26640
            },
            "position": {
                "x": 1548.0633544921875,
                "y": 717.0389404296875,
                "z": 19.569997787475587
            }
        }
    ]
}