{
    "list": [
        {
            "prefab": {
                "instanceID": 19748
            },
            "position": {
                "x": 6.298999786376953,
                "y": 2.940000057220459,
                "z": 0.0
            }
        },
        {
            "prefab": {
                "instanceID": 19748
            },
            "position": {
                "x": 2.2099997997283937,
                "y": 2.940000057220459,
                "z": 0.0
            }
        },
        {
            "prefab": {
                "instanceID": 19748
            },
            "position": {
                "x": 2.2099997997283937,
                "y": 2.940000057220459,
                "z": 8.079999923706055
            }
        },
        {
            "prefab": {
                "instanceID": 19748
            },
            "position": {
                "x": 13.429999351501465,
                "y": 2.940000057220459,
                "z": 0.0
            }
        }
    ]
}