{
    "list": [
        {
            "prefab": {
                "instanceID": 19748
            },
            "position": {
                "x": 17.810001373291017,
                "y": 2.940000057220459,
                "z": 0.0
            }
        },
        {
            "prefab": {
                "instanceID": 19748
            },
            "position": {
                "x": 2.2099997997283937,
                "y": 2.940000057220459,
                "z": 0.0
            }
        },
        {
            "prefab": {
                "instanceID": 19748
            },
            "position": {
                "x": 2.2099997997283937,
                "y": 2.940000057220459,
                "z": 14.399999618530274
            }
        },
        {
            "prefab": {
                "instanceID": 19748
            },
            "position": {
                "x": 26.21000099182129,
                "y": 2.940000057220459,
                "z": 10.600000381469727
            }
        }
    ]
}