{
    "list": [
        {
            "prefab": {
                "instanceID": 20700
            },
            "position": {
                "x": 830.1888427734375,
                "y": 537.3805541992188,
                "z": 18.33451271057129
            }
        },
        {
            "prefab": {
                "instanceID": 20700
            },
            "position": {
                "x": 1070.151611328125,
                "y": 282.594970703125,
                "z": 19.034513473510743
            }
        }
    ]
}