{
    "list": [
        {
            "prefab": {
                "instanceID": 66890
            },
            "position": {
                "x": -10.800000190734864,
                "y": 3.5,
                "z": 9.0
            },
            "rotation": {
                "x": 0.0,
                "y": 0.7071068286895752,
                "z": 0.0,
                "w": 0.7071068286895752
            },
            "scale": {
                "x": 1.0,
                "y": 1.0,
                "z": 1.0
            }
        },
        {
            "prefab": {
                "instanceID": 66934
            },
            "position": {
                "x": -6.400000095367432,
                "y": 2.5,
                "z": 7.0
            },
            "rotation": {
                "x": 0.0,
                "y": 0.0,
                "z": 0.0,
                "w": 1.0
            },
            "scale": {
                "x": 2.0,
                "y": 3.0,
                "z": 3.0
            }
        },
        {
            "prefab": {
                "instanceID": 66956
            },
            "position": {
                "x": 8.5,
                "y": 2.5,
                "z": 5.600000381469727
            },
            "rotation": {
                "x": 0.0,
                "y": 0.0,
                "z": 0.0,
                "w": 1.0
            },
            "scale": {
                "x": 2.5999999046325685,
                "y": 3.0,
                "z": 0.6000000238418579
            }
        },
        {
            "prefab": {
                "instanceID": 66972
            },
            "position": {
                "x": 18.5,
                "y": 2.5,
                "z": 9.400001525878907
            },
            "rotation": {
                "x": 0.0,
                "y": 0.7071068286895752,
                "z": 0.0,
                "w": 0.7071068286895752
            },
            "scale": {
                "x": 2.0,
                "y": 3.0,
                "z": 0.10000000149011612
            }
        }
    ]
}