{
    "list": [
        {
            "prefab": {
                "instanceID": 25122
            },
            "position": {
                "x": -5.0,
                "y": 2.5,
                "z": 9.600000381469727
            },
            "rotation": {
                "x": 0.0,
                "y": 0.0,
                "z": 0.0,
                "w": 1.0
            },
            "scale": {
                "x": 0.699999988079071,
                "y": 3.0,
                "z": 2.5999999046325685
            }
        },
        {
            "prefab": {
                "instanceID": 24994
            },
            "position": {
                "x": 2.799999952316284,
                "y": 3.5,
                "z": 3.0
            },
            "rotation": {
                "x": 0.0,
                "y": 0.0,
                "z": 0.0,
                "w": 1.0
            },
            "scale": {
                "x": 1.0,
                "y": 1.0,
                "z": 1.0
            }
        },
        {
            "prefab": {
                "instanceID": 24190
            },
            "position": {
                "x": 6.400000095367432,
                "y": 2.5,
                "z": 21.5
            },
            "rotation": {
                "x": 0.0,
                "y": 0.0,
                "z": 0.0,
                "w": 1.0
            },
            "scale": {
                "x": 2.0,
                "y": 3.0,
                "z": 0.10000000149011612
            }
        },
        {
            "prefab": {
                "instanceID": 25122
            },
            "position": {
                "x": 1.0,
                "y": 2.5,
                "z": 15.600000381469727
            },
            "rotation": {
                "x": 0.0,
                "y": 0.0,
                "z": 0.0,
                "w": 1.0
            },
            "scale": {
                "x": 0.699999988079071,
                "y": 3.0,
                "z": 2.6000001430511476
            }
        }
    ]
}