{
    "list": [
        {
            "prefab": {
                "instanceID": 39720
            },
            "position": {
                "x": 15.0,
                "y": 2.5,
                "z": -8.199999809265137
            },
            "rotation": {
                "x": 0.0,
                "y": 1.0,
                "z": 0.0,
                "w": 0.0
            },
            "scale": {
                "x": 1.0,
                "y": 1.0,
                "z": 1.0
            }
        },
        {
            "prefab": {
                "instanceID": 39720
            },
            "position": {
                "x": 13.5,
                "y": 2.5,
                "z": 7.800000190734863
            },
            "rotation": {
                "x": 0.0,
                "y": 1.0,
                "z": 0.0,
                "w": 0.0
            },
            "scale": {
                "x": 1.0,
                "y": 1.0,
                "z": 1.0
            }
        },
        {
            "prefab": {
                "instanceID": 36338
            },
            "position": {
                "x": 1.5,
                "y": 1.5,
                "z": -18.600000381469728
            },
            "rotation": {
                "x": 0.0,
                "y": -0.7071068286895752,
                "z": 0.0,
                "w": 0.7071068286895752
            },
            "scale": {
                "x": 2.0,
                "y": 3.0,
                "z": 0.10000000149011612
            }
        },
        {
            "prefab": {
                "instanceID": 40064
            },
            "position": {
                "x": 11.0,
                "y": 1.5,
                "z": -14.199999809265137
            },
            "rotation": {
                "x": 0.0,
                "y": 0.0,
                "z": 0.0,
                "w": 1.0
            },
            "scale": {
                "x": 0.6000000238418579,
                "y": 3.0,
                "z": 3.200000047683716
            }
        }
    ]
}