{
    "list": [
        {
            "prefab": {
                "instanceID": 24158
            },
            "position": {
                "x": 11.000005722045899,
                "y": 1.5,
                "z": -14.100000381469727
            },
            "rotation": {
                "x": 0.0,
                "y": 0.7071068286895752,
                "z": 0.0,
                "w": 0.7071068286895752
            },
            "scale": {
                "x": 3.4000000953674318,
                "y": 3.0,
                "z": 1.0
            }
        },
        {
            "prefab": {
                "instanceID": 24076
            },
            "position": {
                "x": -0.4999990463256836,
                "y": 1.5,
                "z": -18.600000381469728
            },
            "rotation": {
                "x": 0.0,
                "y": -0.7071068286895752,
                "z": 0.0,
                "w": 0.7071068286895752
            },
            "scale": {
                "x": 2.0,
                "y": 3.0,
                "z": 0.10000000149011612
            }
        },
        {
            "prefab": {
                "instanceID": 24140
            },
            "position": {
                "x": 15.000003814697266,
                "y": 2.5,
                "z": -8.189998626708985
            },
            "rotation": {
                "x": 0.0,
                "y": 1.0000001192092896,
                "z": 0.0,
                "w": 0.0
            },
            "scale": {
                "x": 1.0,
                "y": 1.0,
                "z": 1.0
            }
        },
        {
            "prefab": {
                "instanceID": 24140
            },
            "position": {
                "x": 13.20001220703125,
                "y": 2.5,
                "z": 7.810009002685547
            },
            "rotation": {
                "x": 0.0,
                "y": 1.0000001192092896,
                "z": 0.0,
                "w": 0.0
            },
            "scale": {
                "x": 1.0,
                "y": 1.0,
                "z": 1.0
            }
        }
    ]
}